<?xml version="1.0" encoding="UTF-8"?>
<beans xmlns="http://www.springframework.org/schema/beans"
	xmlns:xsi="http://www.w3.org/2001/XMLSchema-instance"
	xmlns:p="http://www.springframework.org/schema/p"
	xmlns:context="http://www.springframework.org/schema/context"
	xmlns:aop="http://www.springframework.org/schema/aop"
	xsi:schemaLocation="http://www.springframework.org/schema/beans http://www.springframework.org/schema/beans/spring-beans.xsd
		http://www.springframework.org/schema/context http://www.springframework.org/schema/context/spring-context-4.3.xsd
		http://www.springframework.org/schema/aop http://www.springframework.org/schema/aop/spring-aop-4.3.xsd">

	<context:component-scan base-package="kr.ac.inje.comsi"></context:component-scan>
	
	<!-- LogAdvice bean 등록 -->
	<bean id="log" class="kr.ac.inje.comsi.common.LogAdvice"></bean>
	<!-- aop 관련 설정 -->
	<aop:config>
		<aop:pointcut expression="execution(* kr.ac.inje.comsi..*Impl.*(..))" id="allPointcut"/>
		<aop:aspect ref="log">
			<aop:before method="printLog" pointcut-ref="allPointcut"/>
		</aop:aspect>
	</aop:config>
</beans>


