<?xml version="1.0" encoding="UTF-8"?>
<beans xmlns="http://www.springframework.org/schema/beans"
	xmlns:xsi="http://www.w3.org/2001/XMLSchema-instance"
	xmlns:p="http://www.springframework.org/schema/p"
	xmlns:context="http://www.springframework.org/schema/context"
	xsi:schemaLocation="http://www.springframework.org/schema/beans 
		http://www.springframework.org/schema/beans/spring-beans.xsd
		http://www.springframework.org/schema/context 
		http://www.springframework.org/schema/context/spring-context-4.3.xsd">

	<context:component-scan base-package="kr.ac.inje.comsi"></context:component-scan>
	<!-- 	
	<bean id="userService" class="kr.ac.inje.comsi.user.impl.UserServiceImpl">
		<property name="userDAO" ref="userDAO"></property>
	</bean>
	
	<bean id="userDAO" class="kr.ac.inje.comsi.user.impl.UserDAO"></bean>
	 -->
</beans>


